title|fix_title|author
16-05-2021-070111The-Richest-Man-in-Babylon|The Richest Man in Babylon|George S. Classon
220 Ketika Aku Tak Tahu Apa Yang Aku Inginkan Jeon Seunghwan|Ketika Aku Tak Tahu Apa Yang Aku Inginkan|Jeon Seunghwan
25-Permasalahan-Seputar-Pernikahan|25 Permasalahan Seputar Pernikahan|Pustaka Sunnah
30 Tips Baca Membaca Itu Nikmat!|30 Tips Baca Membaca Itu Nikmat|Adi Wahyu Adji
33 Inspirasi Rumah Muslim|33 Inspirasi Rumah Muslim|Gaut Susanta
365 Tips Sehat Tanpa Sakit|365 Tips Sehat Tanpa Sakit|Cytia Widjaja
3 Menit Membuat Anak Keranjingan Belajar|3 Menit Membuat Anak Keranjingan Belajar|Reza Rifanto
3 Teknik Mahir Berbicara di Depan Publik  - Sederhana & Sangat Cocok Untuk Pemula|3 Teknik Mahir Berbicara di Depan Publik  - Sederhana & Sangat Cocok Untuk Pemula|Hebby Agus Kurnia
453) Pernikahan wanita hamil akibat zina|Pernikahan wanita hamil akibat zina|Dr. Ahmad Nizam and Dr Nurfitria
50 Topik Ngobrol (Jet Veetlev)|50 Topik Ngobrol|Jet Veetlev
5 Pilar Kepemimpinan di Abad 21|5 Pilar Kepemimpinan di Abad 21|Dr. dr. Agustinus Johaned Djohan, MM
5 Pilar Kepemimpinan di Abad 21|5 Pilar Kepemimpinan di Abad 21|Emha Ainun Nadjib
A Dog Called Money|A Dog Called Money|Bodo Schafer
Aku yang Lebih Kuat dari Kemarin|Aku yang Lebih Kuat dari Kemarin|Farah Via Rahmawati
Algoritma Pemrograman Pende|Algoritma Pemrograman Pendekatan Kompresif|Mulawarmanm Harry S, Tata S, Ita A, Arnes Y.V
A Man Called Ove|A Man Called Ove|Fredrick Backman
An Honest Thief - Fyodor Dostoyevsky|An Honest Thief|Fyodor Dostoyevsky
Animal Farm|Animal Farm|George Orwell
Awalil Rizky, Nasyith Majidi Utang Pemerintah Mencekik Rakyat E|Utang Pemerintah Mencekik Rakyat|Awalil Rizky, Nasyith Majidi
Babad Majapahit|Babad Majapahit|Kadir Trisna Sujana
Baca Kilat! - Mencapai 100 Persen Tujuan Membaca|Baca Kilat! - Mencapai 100 Persen Tujuan Membaca|Agus Setiawan
Bahagia, Kenapa Tidak (Reza Alexander.|Bahagia, Kenapa Tidak|Reza A.A Wattimena
Bandung Menjelang Pagi by Brian Khrisna|Bandung Menjelang Pagi|Brian Khrisna
Beberapa Wasiat Salaf Untuk Para Pemuda|10 Wasiat Salaf Untuk Pemuda dan Kiat Menjadi Muslim Produktif|Prof Dr. Abdurrazaq
Becoming A Money Magnet Mengungkap Rahasia Bagaimana Membuat Uang (1)|Becoming a money Magnet|Adi W Gunawan
Berani Tidak Disukai|Berani Tidak Disukai|Ichiro Kishimi and Fumitake Koga
Berdamai Dengan Kenyataan Hidup|Berdamai Dengan Kenyataan Hidup|Dewi Indra
BERPIKIR DAN BERJIWA BESAR|Berpikir dan Berjiwa Besar|David J.Schwartz
Bicara itu ada seninya|Bicara itu ada seninya|Oh Su Hyang
Blue Ocean Strategy|Blue Ocean Strategy|W. Chan Kim & Renee Mauborgne
Boleh Dong Salah|Boleh Dong Salah|Irfan Amalee
Cara Cepat Membaca Bahasa Tubuh|Cara Cepat Membaca Bahasa Tubuh|Unknown Author
Cara Praktis Menulis Buku - (Panduan Mudah yang Akan Membantu dalam Menulis Buku)|Cara Praktis Menulis Buku|Budi Utama
Catatan dr bawah tanah|Catatan Dari Bawah Tanah|Fyodor Dostoyevsky
Catatan Pendek Untuk Hidup yang Panjang|Catatan Pendek Untuk Hidup yang Panjang|Harun Tsaqif
Change Your Aura Change You|Change Your Aura Change Your Life|Barbara Y.Martin
Change Your Bad Habit|Change Your Bad Habit|Badrul Munier Buchori
cinta-di-rumah-hassan-al-banna|Cinta di Rumah Hasan Al-Banna|Muhammad Lili Nur Aulia
Crypto Investing Principles|Crypto Investing Principles|Akademi Crypto
Dark psychology|Dark Psychology|Ryan Watson
Data and Cyber Security Tec|Data and Cyber Security - Technology, Use Case and Governance |Hamman Riza dkk
Deep Work|Deep Work|Cal Newport
Elon Musk (Ashlee Vance)|Elon Musk|Ashlee Vance
Farmakologi Dasar|Farmakologi Dasar|Prof Rovina Rusiami
Fiersa Besari|Garis Waktu|Fiersa Besari
Filosofi Teras by Henry Manampiring|Filosofi Teras|Henry Manampiring
Forgiving Our Parents, Forgiving Ourselves|Forgiving Our Parents, Forgiving Ourselves|Dr David Stoop
Free Cintai Pekerjaan Anda, Cintai Hidup|Cintai Pekerjaan Anda, Cintai Hidup|Unknown Author
Gak Capek Dituntut Mulu|Gak Capek Dituntut Mulu|Stefani Bella
GAYA KEPEMIMPINAN Meningkatkan Motivasi|Gaya Kepemimpinan - Meningkatkan Motivasi dan Kinerja Karyawan|Andrew Rambet
Generative Artificial Intel|Generative Artificial Intelligence|Shivam R Solanki and Drupad K Khublani
Good Habits, Bad Habits - Cara Membentuk Kebiasaan Baik|Good Habits, Bad Habits|Wendy Wood
Good Leaders Ask Great Questions|Good Leaders Ask Great Questions|John C. Maxwell
GRIT The Power of Passion and Perseverance Bahasa Indonesia|GRIT - Kekuatan Passion dan Kegigihan|Malcolm Gladwell
Hacking APIs|Hacking APIs|Corey J. Ball
Hal Hal yang Membuat Sebagian Orang Berhasil Sementara yang Lainnya|Hal Hal yang Membuat Sebagian Orang Berhasil Sementara yang Lainnya Gagal|Harry A. Lewis
Happy Breathing To You|Happy Breathing To You|Adji Silarus
Harry Potter #3 The Prisoner of Azkaban|Harry Potter #3 The Prisoner of Azkaban|J.K Rowling
Harry Potter #6 The Half-Blood Prince (1)|Harry Potter #6 The Half-Blood Prince|J.K Rowling
Harry Potter and the Sorcer|Harry Potter and the Sorcer Stone|J.K Rowling
Hati yang Gembira adalah Obat|Hati yang Gembira adalah Obat|Sophie Navita
Hatta - Jejak yang Melampaui Zaman|Hatta - Jejak yang Melampaui Zaman|Seri Buku Tempo
Hello, Cello.|Hello, Cello.|Nadia Ristivani
Hilmy Milan (Nadia Ristivani)|Hilmy Milan|Nadia Ristivani
How to Hack Like a Legend|How to Hack Like a Legend|Spark Flow
how-to-manage-your-boss|How to Manage Your Boss|Christopher Hegarty
How To Think Like Sherlock|How To Think Like Sherlock|Peter Hollins
How To Win Friends Influence People In The Digital Age|How To Win Friends Influence People In The Digital Age|Dale Carnegie
Hujan Tere Liye|Hujan|Tere Liye
Humanisme dan Sesudahnya Meninjau Ulang Gagasan Besar tentang Manusia||F. Budi Hardiman
Humor at Work  Kerja Gembira Usaha Berjaya|Humor at Work  Kerja Gembira Usaha Berjaya|Institut Humor Indonesia
Hypnotic Copywriting|Hypnotic Copywriting|Darmawan Aji
[ID] Emotional Intelligence|Emotional Intelligence|Daniel Goleman
Ikigai For Jomblo - Bahagia & Sukses|Ikigai For Jomblo|Been Rafanani
Ini Bukan Revolusiku (Emma Goldman)|Ini Bukan Revolusiku|Emma Goldman
Inspirasi Bagaimana Menciptakan Produk Teknologi yang Disukai Pelanggan|Inspirasi Bagaimana Menciptakan Produk Teknologi yang Disukai Pelanggan|Marty Cagan
Is It Bad Or Good Habits Bagaimana Rutinitas Dan Kebiasaan Dapat|Is It Bad Or Good Habits|Sabrina Ara
Jangan Membuat Masalah Kecil Jadi Masalah Besar Cara Mudah Mencegah|Jangan Membuat Masalah Kecil Jadi Masalah Besar|Richard Carlson
Jika Kita Tak Pernah Jadi Apa-Apa (Alvi Syahrin)|Jika Kita Tak Pernah Jadi Apa-Apa|Alvi Syahrin
Joko Pinurbo|Buku Latihan Tidur|Joko Pinurbo
Jostein Gaarder|Dunia Shopie|Jostein Gaarder
Kajian Magnet Rezeki|Kajian Magnet Rezeki|Nasrullah dan Ardi Gunawan
Kami (Bukan) Sarjana Kertas|Kami (Bukan) Sarjana Kertas|JS Kahiren
Kamu Itu Hebat|Kamu Itu Hebat|Nadia Natasya Ifada
Karakteristik Istri Sholihah|Karakteristik Istri Sholihah|Syaikh Prof. Dr. Abdul Razzaq
Karyawan juga Bisa Kaya|Karyawan juga Bisa Kaya|Ippho Santosa
Kecerdasan Rahasia Manusia Indonesia|Kecerdasan Rahasia Manusia Indonesia|Erbe Sentanu
Keigo Higashino|Catatan Pembunuhan sang Novelis|Keigo Higashino
Keterampilan Berbicara|Keterampilan Berbicara|Elvi Susanti
Ketika Aku Tak Tahu Apa yang aku inginkan|Ketika Aku Tak Tahu Apa yang aku inginkan|Jeon Seunghwan
Kiat Sukses di Masa Sulit - The Lost Prosperity Secret Of Napoleon Hill|Kiat Sukses di Masa Sulit|Patricia G. Horan
Kitab Firasat Ilmu Membaca Sifat dan Karakter Orang dari Bentuk|Kitab Firasat Ilmu Membaca Sifat dan Karakter Orang dari Bentuk Tubuhnya|Bentuk 2
Komet Minor|Komet Minor|Tere Liye
Komunikasi itu Ada Seninya Kuasai Cara Sukses Berkomunikasi dan|Komunikasi itu Ada Seninya|Oh Su Hyang
Kumpulan Cerita Guru Inspiratif|Kumpulan Cerita Guru Inspiratif|Tim Guru Inspiratif
Laut Bercerita|Laut Bercerita|Unknown Author
Lelaki Tua dan Laut The Old Man and the Sea Ernest Hemingway|The Old Man and the Sea|Ernest Hemingway
lifes-golden-ticket-an-inspirational-novel|Life's Golden Ticket|novel_compress
Maafkan Tuhan Saya Pernah Pacaran|Maafkan Tuhan Saya Pernah Pacaran|Robi Afrizan Saputra
MANIPULATION DARK PSYCHOLOGY TO MANIPULATE AND CONTROL PEOPLE ARTHUR|Manipulation - Dark Psychology to Manipulate and Control People|Arthur Horn
Master Your Emotions A b.indonesia|Master Your Emotions|Thibaut Meurisse
Matahari Diwan|Matahari Diwan Diwan Syams Tabrizi|Diwan
Membaca Ekspresi Wajah|Membaca Ekspresi Wajah|Kaputra Amda dan Ratna Fitriyani
Men Are from Mars, Women Are from Venus John G agoylibrary blogspot|Men Are from Mars, Women Are from Venus|John Gray, Pd.D
Mendadak Produktif|Mendadak Produktif|Fahmi Ahmad
Mengenal Hipnotis Modern yang Sepenuhnya Ilmiah|Mengenal Hipnotis Modern yang Sepenuhnya Ilmiah|Budi Arifin
Mengenal_Kecemasan_dan_Serangan_Panik|Mengenal Kecemasan dan Serangan Panik|Joko Adi Pamungkas
Mengenal Kesehatan Jiwa|Mengenal Kesehatan Jiwa|Anta Samsara
Menghadapi Insecure Perihal Jodoh|Menghadapi Insecure Perihal Jodoh|Arif Rahman Lubis
Menikah Sehat dan Islami|Menikah Sehat dan Islami|dr.Nia Kurniasih dan Ihsanul Muttaqien
Mindset Changing b.indonesia|Mindset Changing|Dr. Carol S. Dweck
Mulia dengan Manhaj Salaf|Mulia dengan Manhaj Salaf|Yazid Bin Abdul Qadir Jawas
My-Life-as-a-Factory-Girl-in-China-Indonesian|Factory Girls|Leslie T. Chang
My Public Speaking -Hilbram Dunar|My Public Speaking|Hilbram Dunar
Nak! Ini Hadiah dari Ayah|Nak! Ini Hadiah dari Ayah|Syaiful Muhammad Khadafi
Negeri 5 Menara|Negeri 5 Menara|A. Fuadi
No Baper, Hei Semangat!|No Baper, Hei Semangat!|Ocka Hidayat
No Longer Human|No Longer Human|Osamu Dazai
Novel Tentang Kamu (648 Halaman)|Novel Tentang Kamu|Tere Liye
On Palestine - Noam Chomsky|On Palestine|Noam Chomsky
Orang Gagal Ningen Shikkaku Osamu Dazai SFILE MOBI|Orang Gagal|Osamu Dazai
pdfcoffee.com-milionaire-mindset|Millionaire Mindset|Mardigu Wowiek
pdfcoffee.com sang-alkemispdf-pdf-free|Sang Alkemis|Paolo Coelho
pdfcoffee com terdidik educated tara westover z liborg pdf free|Educated (Terdidik)|Tara Westover
pdf ikigai rahasia hidup bahagia sehat dan umur panjang diatas|Ikigai - The Japanese Secret to a Long and Happy Life|Unknown Author
People Pleaser - Seni Bersikap Bodo Amat|People Pleaser - Seni Bersikap Bodo Amat|Kelly Personality
Perempuan Patah Hati yang Kembali Menemukan Cinta Melalui Mimpi|Perempuan Patah Hati yang Kembali Menemukan Cinta Melalui Mimpi|Eka Kurniawan
Pintar Bahasa Inggris Dengan Mind Map|Pintar Bahasa Inggris Dengan Mind Map|Yosep P dan Y. Sri
Political.And.Social.Movements.That.Changed.The.Modern.World||M Campbell
Power Speaking Bukan Sekadar Bicara|Power Speaking Bukan Sekadar Bicara|Didik Madani
Pride and Prejudice|Pride and Prejudice|Keira Knightly
Psikologi Ibnu Sina|Psikologi Islam - Rujukan Utama Ilmu Psikologi Dunia|Unknown Author
Psychology of Selling|The Psychology of Selling|Brian Tracy
Quiet Impact Tak Masalah Jadi Orang Introver|Quiet Impact - Tak Masalah Jadi Orang Introvert|Sylvia Loehken
Rahasia Menulis Kreatif - Sebuah Panduan Menulis (182 Halaman)|Rahasia Menulis Kreatif|Raditya Dika
Rahasia Rezeki Berlimpah dari Quran & Sunnah|Rahasia Rezeki Berlimpah dari Quran & Sunnah|Tim Muslim Amanah
Rembulan Tenggelam di Wajah-Mu (Tere Liye)|Rembulan Tenggelam di Wajahmu|Tere Liye
Retorika (Seni Berbicara)|Retorika (Seni Berbicara)|Unknown Author
Rich Dad Poor Dad|Rich Dad Poor Dad|Robert Kiyosaki
Robert B. Cialdini|Influence - The Psychology of Persuasion|Influence_ The Psychology of Persuasion
rubuhnya-surau-kami|Rubuhnya Surau Kami|A.A Navis
Rumah Lebah Setiap Wajah Memiliki Rahasia Ruwi Meita Z Library|Rumah Lebah - Setiap Wajah Memiliki Rahasia|Ruwi Meita
SagaraS (Tere Liye)|SagaraS|Tere Liye
Sampar|Sampar|N.H. Dini
Sapiens|Sapien - Riwayat Singkat Umat Manusia|Yuval Noah Harari
scribd vdownloaders com 48 hukum kekuasaan ringkasan bahasa indonesia|48 Hukum - Kekuasaan|indonesia 2
Secrets Of Divine Love|Secrets Of Divine Love|A. Helwa
security analysis benjamin graham 6th edition pdf february 24|Security Analysis|Benjamin Graham and David L Wood
Segala galanya Ambyar Mark Manson, Raflie Translator Z Library|Segala-galanya Ambyar - Sebuah Buku tentang Harapan|Mark Manson
Sejarah Islam Asia Tenggara|Sejarah Islam Asia Tenggara|Prof. Dr. H. Syamsuddin Nasution, M.Ag
Seni Berbicara kepada Siapa Saja, Kapan Saja, di Mana Saja|Seni Berbicara kepada Siapa Saja, Kapan Saja, di Mana Saja|Larry King
Seni Hidup Bersahaja|Seni Hidup Bersahaja|Shunmuo Masuni
Seni Hidup Minimalis|Seni Hidup Minimalis|Francine Jay
Seni Memahami Pria|Seni Memahami Pria|Claudia Sabrina
Seorang Pria yang Melalui Duka dengan Mencuci Piring Andreas Kurniawan|Seorang Pria yang Melalui Duka dengan Mencuci Piring|dr. Andreas Kurniawan
Setiap Pemimpin Harus Baca Buku Ini The New Art of the Leader|Setiap Pemimpin Harus Baca Buku Ini - The New Art of the Leader|William A. Cohen, Ph.D
Show Your Work - Tunjukkan Karyamu!|Show Your Work - Tunjukkan Karyamu!|Austin Kleon
Si Putih - Tere Liye|Si Putih|Tere Liye
Startup Mindset|Startup Mindset|Nur Agustinus
Sukses Memimpin|Sukses Memimpin|Dale Carnegie
Tak Masalah Menjadi Orang yang Berbeda|Tak Masalah Menjadi Orang yang Berbeda|Kim Doo Eung
Talking-to-Strangers|Talking to Strangers|Malcolm Gladwell
talk like TED|Talk like TED|Carmeno Callo
tan-malaka-madilog|Madilog|Tan Malaka
Tentang Manusia Dari Pikiran, Pemahaman,|Tentang Manusia|Reza A.A Wattimena
Tere Liye - Bulan|Moon|Tere Liye
Tere Liye - Bumi|Bumi|Tere Liye
Tere Liye - Hafalan Shalat Delisa|Hafalan Shalat Delisa|Tere Liye
Tere Liye - Janji|Janji|Tere Liye
Tere Liye - Rindu|Rindu|Tere Liye
The 12 Week Year Get More Done in 12 Weeks than Others Do in|The 12 Week Year|Michael Lennington
The 17 Indisputable Laws of|The 17 Indisputable Laws of Teamwork|John C. Maxwell
The 48 Laws of Power|The 48 Laws of Power|Robert Greene
The 5 AM Club|The 5 AM Club|Robin Sharma
The 5 Essential People Skil|The 5 Essential People Skill|Dale Carnegie
The 7 Habits of Highly Effe|The 7 Habits of Highly Effective People|Stephen R. Covey
The 8th Habit Melampaui Efektivitas, Menggapai Keagungan|The 8th Habit|Stephen R. Covey
The Art of Being Alone by Renuka Gavrani|The Art of Being Alone|Renuka Gavrani
The Art of Public Speaking The Original Tool for|The Art of Public Speaking|Unknown Author
the-art-of-seduction-robert-greene|The Art of Seduction|Robert Greene
The Decision Book|The Decision Book|Mikael Kragerus dan Roman Tschappeler
The Gambler - Fyodor Dostoyevsky|The Gambler|Fyodor Dostoyevsky
The Heavenly Christmas Tree - Fyodor Dostoyevsky|The Heavenly Christmas Tree|Fyodor Dostoyevsky
The Heroes of Olympus The Lost Hero Rick Riordan Z Library|The Heroes of Olympus The Lost Hero Rick Riordan|Rick Riordan
The Last Battle (Narnia)|The Chronicles of Narnia - The Last Battle|C.S.Lewis
The Master Key System|The Master Key System|Charles F. Haanel
The Montessori Toddler Indonesian Edition|The Montessori Toddler|Simone Davies
The Peasant Marey - Fyodor Dostoyevsky|The Peasant Marey|Fyodor Dostoyevsky
The Poppy War (Perang Opium) (R. F. Kuang)|The Poppy War - Perang Opium|R. F. Kuang
The Power of Gratitude - Kekuatan Syukur Dalam Menurunkan Stres Kerja|The Power of Gratitude|Eko Wahyu Cahyono
The Principles Of Power (Dion Yulianto)|The Principles Of Power|Dion Yulianto
The Psychology of Money|The Psychology of Money|Morgan Housel
The Republic|The Republic|Plato
The Righteous Mind Mengapa Orang Orang Baik Terpecah Karena Politik|The Righteous Mind|Jonathan Haidt
The Secret (Rahasia) (Rhonda Byrne)|The Secret|Rhonda Byrne
The Seven Habits of Highly Effective People|The Seven Habits of Highly Effective People|Stephen R. Covey
The Tipping Point|The Tipping Point|Malcolm Gladwell
The Wild Robot by Peter Brown-eBook|The Wild Robot|Peter Brown
Think and Grow Rich|Think and Grow Rich|Napoleon Hill
Think Like a Freak - Berpikir Tidak Biasa Untuk HAsil yang Luar Biasa|Think Like a Freak|Steven D. Levitt
tuhan-izinkan-aku-menjadi-pelacur-muhidin-m-dahlan|Tuhan Izinkan Aku Menjadi Pelacur|Muhidin M Dahlan
Tuhan Maaf Kami Sedang Sibuk|Tuhan Maaf Kami Sedang Sibuk|Ahmad Rifai
Wanita Mulia Di Sisi Rasulullah SAW|Di Sisi Rasulullah SAW|Misran Jusan
White Nights - Fyodor Dostoyevsky|White Nights|Fyodor Dostoyevsky
Ya Allah, Aku Pulang|Ya Allah, Aku Pulang|Alfialghazi
Yellowface (R.F.Kuang)|F.Kuang)|R.F.Kuang
Yes to Life! Katakan Ya Pada Kehidupan Apapun yang Terjadi|Katakan Ya Pada Kehidupan Apapun yang Terjadi|Viktor E. Frank
A The Essence of Thick Face, Black Heart|A The Essence of Thick Face, Black Heart|Chin-Ning Chu
Atomic Habits|Atomic Habits|James Clear
Ayah (Andrea Hirata) (1)|Ayah|lib.org) (1)
Baca Buku Ini Saat Engkau Lelah|Baca Buku Ini Saat Engkau Lelah|Munita Yeni
Bartending & Mixology|Bartending & Mixology|Unknown Author
Berdamai Dengan Insecurity|Berdamai Dengan Insecurity|Sony Adams
Berdamai Dengan Quarter Life Crisis|Berdamai Dengan Quarter Life Crisis|Jewellius Kistom
Berdamai dengan Rasa Malas|Berdamai dengan Rasa Malas|Munita Yeni
Blue Ocean Shift|Blue Ocean Shift|W. Chan Kim & Renee Mauborgne
Chicken - Rumahku Istanaku - Seri Chicken Soup of The Soul|Rumahku Istanaku - Seri Chicken Soup of The Soul|Amy Newmark, dkk.
Daun yangJatuhTak Pernah Membenci Angin|Daun yang JatuhTak Pernah Membenci Angin|Tere Liye
Hitler Effect|Hitler Effect|Putu Yudiantara
Homo Deus|Homo Deus|Yuval Harari Noah
Kebebasan Finansial|Kebebasan Finansial|Grant Sabatier
pdf-good-vibes-good-life-velix-king|Good Vibes Good Life|Vex King
Tere Liye - Ceroz Batozar|Ceros dan Batozar|Tere Liye
Tere Liye - Si Anak Pintar|Si Anak Pintar|Tere Liye
The Mountain Is You|The Mountain Is You|Briana Wiest
