"title"|"fix_title"|"author"|"id"|"category"
The Psychology of Money|The Psychology of Money|Morgan Housel|3|Finance
Sapiens|Sapien - Riwayat Singkat Umat Manusia|Yuval Noah Harari|5|History
"3 Menit Membuat Anak Keranjingan Belajar"|"3 Menit Membuat Anak Keranjingan Belajar"|Reza Rifanto|6|Education
"3 Teknik Mahir Berbicara di Depan Publik  - Sederhana & Sangat Cocok Untuk Pemula"|"3 Teknik Mahir Berbicara di Depan Publik  - Sederhana & Sangat Cocok Untuk Pemula"|Hebby Agus Kurnia|7|Communication
"30 Tips Baca Membaca Itu Nikmat!"|"30 Tips Baca Membaca Itu Nikmat"|Adi Wahyu Adji|8|Education
"33 Inspirasi Rumah Muslim"|"33 Inspirasi Rumah Muslim"|Gaut Susanta|9|Self-Improvement
"365 Tips Sehat Tanpa Sakit"|"365 Tips Sehat Tanpa Sakit"|Cytia Widjaja|10|Lifestyle
"5 Pilar Kepemimpinan di Abad 21"|"5 Pilar Kepemimpinan di Abad 21"|Emha Ainun Nadjib|11|Leadership
"5 Pilar Kepemimpinan di Abad 21"|"5 Pilar Kepemimpinan di Abad 21"|Dr. dr. Agustinus Johaned Djohan, MM|11|Leadership
"50 Topik Ngobrol (Jet Veetlev)"|"50 Topik Ngobrol"|Jet Veetlev|12|Communication
A Dog Called Money|A Dog Called Money|Bodo Schafer|13|Business
Aku yang Lebih Kuat dari Kemarin|Aku yang Lebih Kuat dari Kemarin|Farah Via Rahmawati|14|Self-Improvement
Baca Kilat! - Mencapai 100 Persen Tujuan Membaca|Baca Kilat! - Mencapai 100 Persen Tujuan Membaca|Agus Setiawan|16|Education
Deep Work|Deep Work|Cal Newport|2|Productivity
Bahagia, Kenapa Tidak (Reza Alexander.|Bahagia, Kenapa Tidak|Reza A.A Wattimena|17|Self-Improvement
Berdamai dengan Rasa Malas|Berdamai dengan Rasa Malas|Munita Yeni|19|Self-Improvement
Blue Ocean Shift|Blue Ocean Shift|W. Chan Kim & Renee Mauborgne|21|Business
Blue Ocean Strategy|Blue Ocean Strategy|W. Chan Kim & Renee Mauborgne|22|Business
Cara Cepat Membaca Bahasa Tubuh|Cara Cepat Membaca Bahasa Tubuh|Unknown Author|23|Communication
Karyawan juga Bisa Kaya|Karyawan juga Bisa Kaya|Ippho Santosa|47|Business
Change Your Bad Habit|Change Your Bad Habit|Badrul Munier Buchori|26|Self-Improvement
Chicken - Rumahku Istanaku - Seri Chicken Soup of The Soul|Rumahku Istanaku - Seri Chicken Soup of The Soul|Amy Newmark, dkk.|27|Lifestyle
Free Cintai Pekerjaan Anda, Cintai Hidup|Cintai Pekerjaan Anda, Cintai Hidup|Unknown Author|28|Lifestyle
Gak Capek Dituntut Mulu|Gak Capek Dituntut Mulu|Stefani Bella|29|Self-Improvement
GAYA KEPEMIMPINAN Meningkatkan Motivasi|Gaya Kepemimpinan - Meningkatkan Motivasi dan Kinerja Karyawan|Andrew Rambet|30|Self-Improvement
Good Leaders Ask Great Questions|Good Leaders Ask Great Questions|John C. Maxwell|32|Leadership
Happy Breathing To You|Happy Breathing To You|Adji Silarus|33|Lifestyle
Hati yang Gembira adalah Obat|Hati yang Gembira adalah Obat|Sophie Navita|34|Self-Improvement
Hitler Effect|Hitler Effect|Putu Yudiantara|35|Self-Improvement
Humor at Work  Kerja Gembira Usaha Berjaya|Humor at Work  Kerja Gembira Usaha Berjaya|Institut Humor Indonesia|36|Self-Improvement
Hypnotic Copywriting|Hypnotic Copywriting|Darmawan Aji|38|Communication
Inspirasi Bagaimana Menciptakan Produk Teknologi yang Disukai Pelanggan|Inspirasi Bagaimana Menciptakan Produk Teknologi yang Disukai Pelanggan|Marty Cagan|40|Self-Improvement
Kajian Magnet Rezeki|Kajian Magnet Rezeki|Nasrullah dan Ardi Gunawan|44|Business
Kami (Bukan) Sarjana Kertas|Kami (Bukan) Sarjana Kertas|JS Kahiren|45|Self-Improvement
Kamu Itu Hebat|Kamu Itu Hebat|Nadia Natasya Ifada|46|Self-Improvement
Catatan Pendek Untuk Hidup yang Panjang|Catatan Pendek Untuk Hidup yang Panjang|Harun Tsaqif|25|Lifestyle
Kebebasan Finansial|Kebebasan Finansial|Grant Sabatier|50|Business
Kecerdasan Rahasia Manusia Indonesia|Kecerdasan Rahasia Manusia Indonesia|Erbe Sentanu|51|Self-Improvement
Keterampilan Berbicara|Keterampilan Berbicara|Elvi Susanti|52|Communication
Kiat Sukses di Masa Sulit - The Lost Prosperity Secret Of Napoleon Hill|Kiat Sukses di Masa Sulit|Patricia G. Horan|53|Self-Improvement
Kumpulan Cerita Guru Inspiratif|Kumpulan Cerita Guru Inspiratif|Tim Guru Inspiratif|55|Education
Maafkan Tuhan Saya Pernah Pacaran|Maafkan Tuhan Saya Pernah Pacaran|Robi Afrizan Saputra|59|Religion
Mendadak Produktif|Mendadak Produktif|Fahmi Ahmad|61|Self-Improvement
Mengenal Hipnotis Modern yang Sepenuhnya Ilmiah|Mengenal Hipnotis Modern yang Sepenuhnya Ilmiah|Budi Arifin|62|Psychology
Mengenal Kesehatan Jiwa|Mengenal Kesehatan Jiwa|Anta Samsara|63|Psychology
Mengenal_Kecemasan_dan_Serangan_Panik|Mengenal Kecemasan dan Serangan Panik|Joko Adi Pamungkas|64|Psychology
Menghadapi Insecure Perihal Jodoh|Menghadapi Insecure Perihal Jodoh|Arif Rahman Lubis|65|Self-Improvement
My Public Speaking -Hilbram Dunar|My Public Speaking|Hilbram Dunar|67|Communication
Nak! Ini Hadiah dari Ayah|Nak! Ini Hadiah dari Ayah|Syaiful Muhammad Khadafi|68|Self-Improvement
No Baper, Hei Semangat!|No Baper, Hei Semangat!|Ocka Hidayat|69|Self-Improvement
Cara Praktis Menulis Buku - (Panduan Mudah yang Akan Membantu dalam Menulis Buku)|Cara Praktis Menulis Buku|Budi Utama|24|Education
Power Speaking Bukan Sekadar Bicara|Power Speaking Bukan Sekadar Bicara|Didik Madani|74|Communication
Psychology of Selling|The Psychology of Selling|Brian Tracy|75|Business
Rahasia Menulis Kreatif - Sebuah Panduan Menulis (182 Halaman)|Rahasia Menulis Kreatif|Raditya Dika|77|Education
Rahasia Rezeki Berlimpah dari Quran & Sunnah|Rahasia Rezeki Berlimpah dari Quran & Sunnah|Tim Muslim Amanah|78|Business
Seni Hidup Bersahaja|Seni Hidup Bersahaja|Shunmuo Masuni|81|Lifestyle
Seni Hidup Minimalis|Seni Hidup Minimalis|Francine Jay|82|Lifestyle
Show Your Work - Tunjukkan Karyamu!|Show Your Work - Tunjukkan Karyamu!|Austin Kleon|83|Self-Improvement
Startup Mindset|Startup Mindset|Nur Agustinus|84|Self-Improvement
Sukses Memimpin|Sukses Memimpin|Dale Carnegie|85|Self-Improvement
Tak Masalah Menjadi Orang yang Berbeda|Tak Masalah Menjadi Orang yang Berbeda|Kim Doo Eung|86|Self-Improvement
The 5 AM Club|The 5 AM Club|Robin Sharma|87|Self-Improvement
The Master Key System|The Master Key System|Charles F. Haanel|90|Self-Improvement
The Montessori Toddler Indonesian Edition|The Montessori Toddler|Simone Davies|91|Lifestyle
"16-05-2021-070111The-Richest-Man-in-Babylon"|The Richest Man in Babylon|George S. Classon|106|Business
"453) Pernikahan wanita hamil akibat zina"|Pernikahan wanita hamil akibat zina|Dr. Ahmad Nizam and Dr Nurfitria|102|Religion
Think and Grow Rich|Think and Grow Rich|Napoleon Hill|96|Business
Think Like a Freak - Berpikir Tidak Biasa Untuk HAsil yang Luar Biasa|Think Like a Freak|Steven D. Levitt|97|Self-Improvement
Yes to Life! Katakan Ya Pada Kehidupan Apapun yang Terjadi|Katakan Ya Pada Kehidupan Apapun yang Terjadi|Viktor E. Frank|101|Self-Improvement
"25-Permasalahan-Seputar-Pernikahan"|"25 Permasalahan Seputar Pernikahan"|Pustaka Sunnah|111|Religion
"220 Ketika Aku Tak Tahu Apa Yang Aku Inginkan Jeon Seunghwan"|Ketika Aku Tak Tahu Apa Yang Aku Inginkan|Jeon Seunghwan|109|Self-Improvement
Retorika (Seni Berbicara)|Retorika (Seni Berbicara)|Unknown Author|113|Communication
The Tipping Point|The Tipping Point|Malcolm Gladwell|95|Self-Improvement
Master Your Emotions A b.indonesia|Master Your Emotions|Thibaut Meurisse|108|Psychology
An Honest Thief - Fyodor Dostoyevsky|An Honest Thief|Fyodor Dostoyevsky|121|Fiction
Awalil Rizky, Nasyith Majidi Utang Pemerintah Mencekik Rakyat E|Utang Pemerintah Mencekik Rakyat|Awalil Rizky, Nasyith Majidi|130|Self-Improvement
Ayah (Andrea Hirata) (1)|Ayah|lib.org) (1)|131|Fiction
People Pleaser - Seni Bersikap Bodo Amat|People Pleaser - Seni Bersikap Bodo Amat|Kelly Personality|73|Self-Improvement
Babad Majapahit|Babad Majapahit|Kadir Trisna Sujana|132|History
Animal Farm|Animal Farm|George Orwell|125|Fiction
Bandung Menjelang Pagi by Brian Khrisna|Bandung Menjelang Pagi|Brian Khrisna|135|Self-Improvement
Bartending & Mixology|Bartending & Mixology|Unknown Author|136|Lifestyle
Beberapa Wasiat Salaf Untuk Para Pemuda|"10 Wasiat Salaf Untuk Pemuda dan Kiat Menjadi Muslim Produktif"|Prof Dr. Abdurrazaq|137|Religion
Algoritma Pemrograman Pende|Algoritma Pemrograman Pendekatan Kompresif|Mulawarmanm Harry S, Tata S, Ita A, Arnes Y.V|119|Technology
The Power of Gratitude - Kekuatan Syukur Dalam Menurunkan Stres Kerja|The Power of Gratitude|Eko Wahyu Cahyono|92|Self-Improvement
Berdamai Dengan Kenyataan Hidup|Berdamai Dengan Kenyataan Hidup|Dewi Indra|142|Self-Improvement
Berdamai Dengan Quarter Life Crisis|Berdamai Dengan Quarter Life Crisis|Jewellius Kistom|143|Self-Improvement
BERPIKIR DAN BERJIWA BESAR|Berpikir dan Berjiwa Besar|David J.Schwartz|144|Self-Improvement
Bicara itu ada seninya|Bicara itu ada seninya|Oh Su Hyang|145|Communication
Boleh Dong Salah|Boleh Dong Salah|Irfan Amalee|146|Self-Improvement
Catatan dr bawah tanah|Catatan Dari Bawah Tanah|Fyodor Dostoyevsky|151|Self-Improvement
Change Your Aura Change You|Change Your Aura Change Your Life|Barbara Y.Martin|152|Psychology
cinta-di-rumah-hassan-al-banna|Cinta di Rumah Hasan Al-Banna|Muhammad Lili Nur Aulia|155|Lifestyle
Crypto Investing Principles|Crypto Investing Principles|Akademi Crypto|156|Business
Dark psychology|Dark Psychology|Ryan Watson|159|Psychology
Elon Musk (Ashlee Vance)|Elon Musk|Ashlee Vance|169|Technology
Farmakologi Dasar|Farmakologi Dasar|Prof Rovina Rusiami|172|Lifestyle
Fiersa Besari|Garis Waktu|Fiersa Besari|174|Fiction
Filosofi Teras by Henry Manampiring|Filosofi Teras|Henry Manampiring|175|Self-Improvement
Forgiving Our Parents, Forgiving Ourselves|Forgiving Our Parents, Forgiving Ourselves|Dr David Stoop|177|Self-Improvement
Generative Artificial Intel|Generative Artificial Intelligence|Shivam R Solanki and Drupad K Khublani|180|Technology
GRIT The Power of Passion and Perseverance Bahasa Indonesia|GRIT - Kekuatan Passion dan Kegigihan|Malcolm Gladwell|181|Self-Improvement
Hacking APIs|Hacking APIs|Corey J. Ball|182|Technology
Harry Potter #3 The Prisoner of Azkaban|Harry Potter #3 The Prisoner of Azkaban|J.K Rowling|184|Fiction
Daun yangJatuhTak Pernah Membenci Angin|Daun yang JatuhTak Pernah Membenci Angin|Tere Liye|163|Self-Improvement
The Art of Public Speaking The Original Tool for|The Art of Public Speaking|Unknown Author|104|Communication
A The Essence of Thick Face, Black Heart|A The Essence of Thick Face, Black Heart|Chin-Ning Chu|117|Self-Improvement
Berdamai Dengan Insecurity|Berdamai Dengan Insecurity|Sony Adams|141|Self-Improvement
Hilmy Milan (Nadia Ristivani)|Hilmy Milan|Nadia Ristivani|189|Self-Improvement
Homo Deus|Homo Deus|Yuval Harari Noah|190|History
How to Hack Like a Legend|How to Hack Like a Legend|Spark Flow|191|Self-Improvement
How To Think Like Sherlock|How To Think Like Sherlock|Peter Hollins|192|Psychology
how-to-manage-your-boss|How to Manage Your Boss|Christopher Hegarty|194|Leadership
Hujan Tere Liye|Hujan|Tere Liye|197|Fiction
Humanisme dan Sesudahnya Meninjau Ulang Gagasan Besar tentang Manusia|""|F. Budi Hardiman|200|Self-Improvement
Ikigai For Jomblo - Bahagia & Sukses|Ikigai For Jomblo|Been Rafanani|203|Self-Improvement
Ini Bukan Revolusiku (Emma Goldman)|Ini Bukan Revolusiku|Emma Goldman|206|History
Harry Potter and the Sorcer|Harry Potter and the Sorcer Stone|J.K Rowling|186|Fiction
Jika Kita Tak Pernah Jadi Apa-Apa (Alvi Syahrin)|Jika Kita Tak Pernah Jadi Apa-Apa|Alvi Syahrin|212|Self-Improvement
Joko Pinurbo|Buku Latihan Tidur|Joko Pinurbo|213|Fiction
Jostein Gaarder|Dunia Shopie|Jostein Gaarder|214|Self-Improvement
Karakteristik Istri Sholihah|Karakteristik Istri Sholihah|Syaikh Prof. Dr. Abdul Razzaq|215|Religion
Keigo Higashino|Catatan Pembunuhan sang Novelis|Keigo Higashino|218|Self-Improvement
Ketika Aku Tak Tahu Apa yang aku inginkan|Ketika Aku Tak Tahu Apa yang aku inginkan|Jeon Seunghwan|219|Self-Improvement
Kitab Firasat Ilmu Membaca Sifat dan Karakter Orang dari Bentuk|Kitab Firasat Ilmu Membaca Sifat dan Karakter Orang dari Bentuk Tubuhnya|Bentuk 2|222|Education
Komet Minor|Komet Minor|Tere Liye|223|Fiction
Komunikasi itu Ada Seninya Kuasai Cara Sukses Berkomunikasi dan|Komunikasi itu Ada Seninya|Oh Su Hyang|225|Self-Improvement
Laut Bercerita|Laut Bercerita|Unknown Author|228|Fiction
Lelaki Tua dan Laut The Old Man and the Sea Ernest Hemingway|The Old Man and the Sea|Ernest Hemingway|230|Fiction
Is It Bad Or Good Habits Bagaimana Rutinitas Dan Kebiasaan Dapat|Is It Bad Or Good Habits|Sabrina Ara|209|Self-Improvement
Hello, Cello.|Hello, Cello.|Nadia Ristivani|188|Self-Improvement
Matahari Diwan|Matahari Diwan Diwan Syams Tabrizi|Diwan|236|Self-Improvement
Membaca Ekspresi Wajah|Membaca Ekspresi Wajah|Kaputra Amda dan Ratna Fitriyani|239|Communication
Men Are from Mars, Women Are from Venus John G agoylibrary blogspot|Men Are from Mars, Women Are from Venus|John Gray, Pd.D|245|Self-Improvement
Mindset Changing b.indonesia|Mindset Changing|Dr. Carol S. Dweck|247|Self-Improvement
Mulia dengan Manhaj Salaf|Mulia dengan Manhaj Salaf|Yazid Bin Abdul Qadir Jawas|249|Self-Improvement
My-Life-as-a-Factory-Girl-in-China-Indonesian|Factory Girls|Leslie T. Chang|251|Self-Improvement
Negeri 5 Menara|Negeri 5 Menara|A. Fuadi|253|Self-Improvement
How To Win Friends Influence People In The Digital Age|How To Win Friends Influence People In The Digital Age|Dale Carnegie|193|Communication
On Palestine - Noam Chomsky|On Palestine|Noam Chomsky|257|Self-Improvement
Orang Gagal Ningen Shikkaku Osamu Dazai SFILE MOBI|Orang Gagal|Osamu Dazai|258|Technology
pdf-good-vibes-good-life-velix-king|Good Vibes Good Life|Vex King|265|Self-Improvement
pdfcoffee.com-milionaire-mindset|Millionaire Mindset|Mardigu Wowiek|266|Self-Improvement
pdfcoffee.com sang-alkemispdf-pdf-free|Sang Alkemis|Paolo Coelho|268|Self-Improvement
pdf ikigai rahasia hidup bahagia sehat dan umur panjang diatas|Ikigai - The Japanese Secret to a Long and Happy Life|Unknown Author|271|Self-Improvement
No Longer Human|No Longer Human|Osamu Dazai|255|Self-Improvement
lifes-golden-ticket-an-inspirational-novel|Life's Golden Ticket|novel_compress|233|Fiction
Perempuan Patah Hati yang Kembali Menemukan Cinta Melalui Mimpi|Perempuan Patah Hati yang Kembali Menemukan Cinta Melalui Mimpi|Eka Kurniawan|282|Fiction
Pintar Bahasa Inggris Dengan Mind Map|Pintar Bahasa Inggris Dengan Mind Map|Yosep P dan Y. Sri|283|Education
Political.And.Social.Movements.That.Changed.The.Modern.World|""|M Campbell|285|Self-Improvement
Pride and Prejudice|Pride and Prejudice|Keira Knightly|286|Self-Improvement
Psikologi Ibnu Sina|Psikologi Islam - Rujukan Utama Ilmu Psikologi Dunia|Unknown Author|287|Psychology
Quiet Impact Tak Masalah Jadi Orang Introver|Quiet Impact - Tak Masalah Jadi Orang Introvert|Sylvia Loehken|288|Self-Improvement
Rembulan Tenggelam di Wajah-Mu (Tere Liye)|Rembulan Tenggelam di Wajahmu|Tere Liye|289|Fiction
Rich Dad Poor Dad|Rich Dad Poor Dad|Robert Kiyosaki|290|Business
rubuhnya-surau-kami|Rubuhnya Surau Kami|A.A Navis|292|Self-Improvement
Rumah Lebah Setiap Wajah Memiliki Rahasia Ruwi Meita Z Library|Rumah Lebah - Setiap Wajah Memiliki Rahasia|Ruwi Meita|294|Lifestyle
SagaraS (Tere Liye)|SagaraS|Tere Liye|295|Fiction
Sampar|Sampar|N.H. Dini|297|Self-Improvement
Novel Tentang Kamu (648 Halaman)|Novel Tentang Kamu|Tere Liye|256|Fiction
Secrets Of Divine Love|Secrets Of Divine Love|A. Helwa|304|Self-Improvement
security analysis benjamin graham 6th edition pdf february 24|Security Analysis|Benjamin Graham and David L Wood|306|Self-Improvement
Sejarah Islam Asia Tenggara|Sejarah Islam Asia Tenggara|Prof. Dr. H. Syamsuddin Nasution, M.Ag|309|Religion
Seni Berbicara kepada Siapa Saja, Kapan Saja, di Mana Saja|Seni Berbicara kepada Siapa Saja, Kapan Saja, di Mana Saja|Larry King|313|Communication
Seni Memahami Pria|Seni Memahami Pria|Claudia Sabrina|314|Self-Improvement
Seorang Pria yang Melalui Duka dengan Mencuci Piring Andreas Kurniawan|Seorang Pria yang Melalui Duka dengan Mencuci Piring|dr. Andreas Kurniawan|315|Self-Improvement
Setiap Pemimpin Harus Baca Buku Ini The New Art of the Leader|Setiap Pemimpin Harus Baca Buku Ini - The New Art of the Leader|William A. Cohen, Ph.D|318|Leadership
Si Putih - Tere Liye|Si Putih|Tere Liye|319|Fiction
pdfcoffee com terdidik educated tara westover z liborg pdf free|Educated (Terdidik)|Tara Westover|269|Self-Improvement
Talking-to-Strangers|Talking to Strangers|Malcolm Gladwell|325|Self-Improvement
tan-malaka-madilog|Madilog|Tan Malaka|327|Self-Improvement
Tentang Manusia Dari Pikiran, Pemahaman,|Tentang Manusia|Reza A.A Wattimena|328|Self-Improvement
Tere Liye - Bulan|Moon|Tere Liye|330|Fiction
Tere Liye - Bumi|Bumi|Tere Liye|331|Fiction
Tere Liye - Ceroz Batozar|Ceros dan Batozar|Tere Liye|332|Fiction
Tere Liye - Hafalan Shalat Delisa|Hafalan Shalat Delisa|Tere Liye|333|Fiction
Tere Liye - Janji|Janji|Tere Liye|334|Fiction
Tere Liye - Rindu|Rindu|Tere Liye|335|Fiction
Tere Liye - Si Anak Pintar|Si Anak Pintar|Tere Liye|336|Fiction
The 17 Indisputable Laws of|The 17 Indisputable Laws of Teamwork|John C. Maxwell|340|Self-Improvement
The 48 Laws of Power|The 48 Laws of Power|Robert Greene|343|Self-Improvement
The 8th Habit Melampaui Efektivitas, Menggapai Keagungan|The 8th Habit|Stephen R. Covey|348|Self-Improvement
The Art of Being Alone by Renuka Gavrani|The Art of Being Alone|Renuka Gavrani|349|Self-Improvement
The Gambler - Fyodor Dostoyevsky|The Gambler|Fyodor Dostoyevsky|350|Fiction
The Heavenly Christmas Tree - Fyodor Dostoyevsky|The Heavenly Christmas Tree|Fyodor Dostoyevsky|351|Fiction
The Last Battle (Narnia)|The Chronicles of Narnia - The Last Battle|C.S.Lewis|354|Self-Improvement
The Peasant Marey - Fyodor Dostoyevsky|The Peasant Marey|Fyodor Dostoyevsky|355|Fiction
The Poppy War (Perang Opium) (R. F. Kuang)|The Poppy War - Perang Opium|R. F. Kuang|356|Business
The Republic|The Republic|Plato|362|Self-Improvement
The Secret (Rahasia) (Rhonda Byrne)|The Secret|Rhonda Byrne|363|Self-Improvement
The Wild Robot by Peter Brown-eBook|The Wild Robot|Peter Brown|364|Self-Improvement
the-art-of-seduction-robert-greene|The Art of Seduction|Robert Greene|366|Self-Improvement
The 5 Essential People Skil|The 5 Essential People Skill|Dale Carnegie|346|Self-Improvement
scribd vdownloaders com 48 hukum kekuasaan ringkasan bahasa indonesia|"48 Hukum - Kekuasaan"|indonesia 2|301|Self-Improvement
The Mountain Is You|The Mountain Is You|Briana Wiest|371|Technology
The Righteous Mind Mengapa Orang Orang Baik Terpecah Karena Politik|The Righteous Mind|Jonathan Haidt|374|Technology
Tuhan Maaf Kami Sedang Sibuk|Tuhan Maaf Kami Sedang Sibuk|Ahmad Rifai|382|Religion
tuhan-izinkan-aku-menjadi-pelacur-muhidin-m-dahlan|Tuhan Izinkan Aku Menjadi Pelacur|Muhidin M Dahlan|383|Religion
Wanita Mulia Di Sisi Rasulullah SAW|Di Sisi Rasulullah SAW|Misran Jusan|385|Self-Improvement
White Nights - Fyodor Dostoyevsky|White Nights|Fyodor Dostoyevsky|386|Fiction
Ya Allah, Aku Pulang|Ya Allah, Aku Pulang|Alfialghazi|389|Self-Improvement
Yellowface (R.F.Kuang)|F.Kuang)|R.F.Kuang|390|Business
The Decision Book|The Decision Book|Mikael Kragerus dan Roman Tschappeler|369|Self-Improvement
talk like TED|Talk like TED|Carmeno Callo|323|Self-Improvement
[ID] Emotional Intelligence|Emotional Intelligence|Daniel Goleman|392|Self-Improvement
Atomic Habits|Atomic Habits|James Clear|394|Self-Improvement
The 7 Habits of Highly Effe|The 7 Habits of Highly Effective People|Stephen R. Covey|347|Self-Improvement
The Heroes of Olympus The Lost Hero Rick Riordan Z Library|The Heroes of Olympus The Lost Hero Rick Riordan|Rick Riordan|370|Self-Improvement
A Man Called Ove|A Man Called Ove|Fredrick Backman|413|Self-Improvement
Menikah Sehat dan Islami|Menikah Sehat dan Islami|dr.Nia Kurniasih dan Ihsanul Muttaqien|400|Lifestyle
Berani Tidak Disukai|Berani Tidak Disukai|Ichiro Kishimi and Fumitake Koga|436|Self-Improvement
Data and Cyber Security Tec|Data and Cyber Security - Technology, Use Case and Governance |Hamman Riza dkk|459|Technology
Hal Hal yang Membuat Sebagian Orang Berhasil Sementara yang Lainnya|Hal Hal yang Membuat Sebagian Orang Berhasil Sementara yang Lainnya Gagal|Harry A. Lewis|480|Technology
Hatta - Jejak yang Melampaui Zaman|Hatta - Jejak yang Melampaui Zaman|Seri Buku Tempo|484|History
Jangan Membuat Masalah Kecil Jadi Masalah Besar Cara Mudah Mencegah|Jangan Membuat Masalah Kecil Jadi Masalah Besar|Richard Carlson|507|Self-Improvement
MANIPULATION DARK PSYCHOLOGY TO MANIPULATE AND CONTROL PEOPLE ARTHUR|Manipulation - Dark Psychology to Manipulate and Control People|Arthur Horn|531|Psychology
Segala galanya Ambyar Mark Manson, Raflie Translator Z Library|Segala-galanya Ambyar - Sebuah Buku tentang Harapan|Mark Manson|605|Self-Improvement
The Principles Of Power (Dion Yulianto)|The Principles Of Power|Dion Yulianto|654|Self-Improvement
Harry Potter #6 The Half-Blood Prince (1)|Harry Potter #6 The Half-Blood Prince|J.K Rowling|774|Fiction
The 12 Week Year Get More Done in 12 Weeks than Others Do in|The 12 Week Year|Michael Lennington|957|Self-Improvement
Robert B. Cialdini|Influence - The Psychology of Persuasion|Influence_ The Psychology of Persuasion|1172|Self-Improvement
Becoming A Money Magnet Mengungkap Rahasia Bagaimana Membuat Uang (1)|Becoming a money Magnet|Adi W Gunawan|435|Business
Good Habits, Bad Habits - Cara Membentuk Kebiasaan Baik|Good Habits, Bad Habits|Wendy Wood|31|Self-Improvement
The Seven Habits of Highly Effective People|The Seven Habits of Highly Effective People|Stephen R. Covey|94|Self-Improvement
Baca Buku Ini Saat Engkau Lelah|Baca Buku Ini Saat Engkau Lelah|Munita Yeni|15|Self-Improvement
